{
    "CAM_FRONT": 
    {
        "extrinsics":
        {
            "translation":
            [
                1.70079118954,
                0.01594563241,
                1.51095763913
            ],
            "rotation": 
            [
                0.499801543056912,
                -0.503031616202487,
                0.499779811438680,
                -0.497370838245427
            ]          
        },

        "intrinsics":
        {
            "fx": 1266.417203,
            "fy": 1266.417203,
            "cx": 816.267019744798000,
            "cy": 491.507065792947000            
        }
    },
   
    "CAM_FRONT_LEFT":
    {
        "extrinsics":
        {
            "translation": 
            [
                1.52387798135, 
                0.4946313366, 
                1.50932822144
            ],
            "rotation": 
            [
                0.675726503466944, 
                -0.673626652225188, 
                0.212140150462094, 
                -0.211228271039040
            ]               
        },

        "intrinsics":
        {
            "fx": 1272.597947,  
            "fy": 1272.597947,
            "cx": 826.615492735380000,
            "cy": 479.751653863619000           
        }
    },

    "CAM_FRONT_RIGHT":
    {
        "extrinsics":
        {
            "translation": 
            [
                1.550847754300000, 
                -0.493404796419000, 
                1.495748006190000
            ],
            "rotation": 
            [
                0.206034796633718, 
                -0.202694057791959, 
                0.682450782453116, 
                -0.671361088417448
            ]               
        },

        "intrinsics":
        {
            "fx": 1260.847445,
            "fy": 1260.847445,
            "cx": 807.968244525554000,
            "cy": 495.334426874208000        
        }
    },

    "CAM_BACK":
    {
        "extrinsics":
        {
            "translation": 
            [
                0.02832603094, 
                0.003451367615, 
                1.57910346144
            ],
            "rotation": 
            [
                0.503787266638227, 
                -0.497402497886110, 
                -0.494185022383520, 
                0.504549609772557
            ]             
        },

        "intrinsics":
        {
            "fx": 809.2209906,
            "fy": 809.2209906,
            "cx": 829.219600325983000,
            "cy": 481.778423845124000
        }
    },

    "CAM_BACK_LEFT":
    {
        "extrinsics":
        {
            "translation": 
            [
                1.035691002180000, 
                0.484795032713000, 
                1.590970148180000
            ],
            "rotation": 
            [
                0.692418559217466, 
                -0.703161942011492, 
                -0.116483427719438, 
                0.112033179123707
            ]               
        },

        "intrinsics":
        {
            "fx": 1256.741481,
            "fy": 1256.741481,
            "cx": 792.112574075962000,
            "cy": 492.775746515135000
        }        
    },

    "CAM_BACK_RIGHT":
    {
        "extrinsics":
        {
            "translation": 
            [
                1.01487809880, 
                -0.4805682197, 
                1.56239545128
            ],
            "rotation": 
            [
                0.122809801200787, 
                -0.132400842670559, 
                -0.700430582138823, 
                0.690496031265798
            ]              
        },

        "intrinsics":
        {
            "fx": 1259.513741,  
            "fy": 1259.513741,
            "cx": 807.252905383862000,
            "cy": 501.195798849165000
        }
    }
}
